{
  "driver": "right",
  "waypoints": [
    {
      "index": 0,
      "left": {
        "translation": [
          0.098366,
          0.228251,
          -0.097267
        ],
        "rotation": [
          [
            0.293317,
            -0.956015,
            5.5e-05
          ],
          [
            0.956015,
            0.293317,
            -6e-05
          ],
          [
            4.1e-05,
            7e-05,
            1.0
          ]
        ],
        "matrix": [
          [
            0.293317,
            -0.956015,
            5.5e-05,
            0.098366
          ],
          [
            0.956015,
            0.293317,
            -6e-05,
            0.228251
          ],
          [
            4.1e-05,
            7e-05,
            1.0,
            -0.097267
          ],
          [
            0.0,
            0.0,
            0.0,
            1.0
          ]
        ]
      },
      "right": {
        "translation": [
          0.098366,
          -0.228251,
          -0.097267
        ],
        "rotation": [
          [
            0.293317,
            0.956015,
            5.5e-05
          ],
          [
            -0.956015,
            0.293317,
            6e-05
          ],
          [
            4.1e-05,
            -7e-05,
            1.0
          ]
        ],
        "matrix": [
          [
            0.293317,
            0.956015,
            5.5e-05,
            0.098366
          ],
          [
            -0.956015,
            0.293317,
            6e-05,
            -0.228251
          ],
          [
            4.1e-05,
            -7e-05,
            1.0,
            -0.097267
          ],
          [
            0.0,
            0.0,
            0.0,
            1.0
          ]
        ]
      }
    },
    {
      "index": 1,
      "left": {
        "translation": [
          0.098379,
          0.228237,
          0.141725
        ],
        "rotation": [
          [
            0.293317,
            -0.956015,
            5.5e-05
          ],
          [
            0.956015,
            0.293317,
            -6e-05
          ],
          [
            4.1e-05,
            7e-05,
            1.0
          ]
        ],
        "matrix": [
          [
            0.293317,
            -0.956015,
            5.5e-05,
            0.098379
          ],
          [
            0.956015,
            0.293317,
            -6e-05,
            0.228237
          ],
          [
            4.1e-05,
            7e-05,
            1.0,
            0.141725
          ],
          [
            0.0,
            0.0,
            0.0,
            1.0
          ]
        ]
      },
      "right": {
        "translation": [
          0.098379,
          -0.228237,
          0.141725
        ],
        "rotation": [
          [
            0.293317,
            0.956015,
            5.5e-05
          ],
          [
            -0.956015,
            0.293317,
            6e-05
          ],
          [
            4.1e-05,
            -7e-05,
            1.0
          ]
        ],
        "matrix": [
          [
            0.293317,
            0.956015,
            5.5e-05,
            0.098379
          ],
          [
            -0.956015,
            0.293317,
            6e-05,
            -0.228237
          ],
          [
            4.1e-05,
            -7e-05,
            1.0,
            0.141725
          ],
          [
            0.0,
            0.0,
            0.0,
            1.0
          ]
        ]
      }
    },
    {
      "index": 2,
      "left": {
        "translation": [
          0.250641,
          0.100213,
          0.169615
        ],
        "rotation": [
          [
            0.992434,
            -0.122778,
            5.5e-05
          ],
          [
            0.122778,
            0.992434,
            -6e-05
          ],
          [
            -4.7e-05,
            6.6e-05,
            1.0
          ]
        ],
        "matrix": [
          [
            0.992434,
            -0.122778,
            5.5e-05,
            0.250641
          ],
          [
            0.122778,
            0.992434,
            -6e-05,
            0.100213
          ],
          [
            -4.7e-05,
            6.6e-05,
            1.0,
            0.169615
          ],
          [
            0.0,
            0.0,
            0.0,
            1.0
          ]
        ]
      },
      "right": {
        "translation": [
          0.250641,
          -0.100213,
          0.169615
        ],
        "rotation": [
          [
            0.992434,
            0.122778,
            5.5e-05
          ],
          [
            -0.122778,
            0.992434,
            6e-05
          ],
          [
            -4.7e-05,
            -6.6e-05,
            1.0
          ]
        ],
        "matrix": [
          [
            0.992434,
            0.122778,
            5.5e-05,
            0.250641
          ],
          [
            -0.122778,
            0.992434,
            6e-05,
            -0.100213
          ],
          [
            -4.7e-05,
            -6.6e-05,
            1.0,
            0.169615
          ],
          [
            0.0,
            0.0,
            0.0,
            1.0
          ]
        ]
      }
    }
  ]
}
