{
  "driver": "left",
  "waypoints": [
    {
      "index": 0,
      "left": {
        "translation": [
          0.016388,
          0.230291,
          0.010491
        ],
        "rotation": [
          [
            0.16311,
            -0.986608,
            5.5e-05
          ],
          [
            0.986608,
            0.16311,
            -6e-05
          ],
          [
            5e-05,
            6.4e-05,
            1.0
          ]
        ],
        "matrix": [
          [
            0.16311,
            -0.986608,
            5.5e-05,
            0.016388
          ],
          [
            0.986608,
            0.16311,
            -6e-05,
            0.230291
          ],
          [
            5e-05,
            6.4e-05,
            1.0,
            0.010491
          ],
          [
            0.0,
            0.0,
            0.0,
            1.0
          ]
        ]
      },
      "right": {
        "translation": [
          0.016388,
          -0.230291,
          0.010491
        ],
        "rotation": [
          [
            0.16311,
            0.986608,
            5.5e-05
          ],
          [
            -0.986608,
            0.16311,
            6e-05
          ],
          [
            5e-05,
            -6.4e-05,
            1.0
          ]
        ],
        "matrix": [
          [
            0.16311,
            0.986608,
            5.5e-05,
            0.016388
          ],
          [
            -0.986608,
            0.16311,
            6e-05,
            -0.230291
          ],
          [
            5e-05,
            -6.4e-05,
            1.0,
            0.010491
          ],
          [
            0.0,
            0.0,
            0.0,
            1.0
          ]
        ]
      }
    },
    {
      "index": 1,
      "left": {
        "translation": [
          0.016401,
          0.230278,
          0.229688
        ],
        "rotation": [
          [
            0.16311,
            -0.986608,
            5.5e-05
          ],
          [
            0.986608,
            0.16311,
            -6e-05
          ],
          [
            5e-05,
            6.4e-05,
            1.0
          ]
        ],
        "matrix": [
          [
            0.16311,
            -0.986608,
            5.5e-05,
            0.016401
          ],
          [
            0.986608,
            0.16311,
            -6e-05,
            0.230278
          ],
          [
            5e-05,
            6.4e-05,
            1.0,
            0.229688
          ],
          [
            0.0,
            0.0,
            0.0,
            1.0
          ]
        ]
      },
      "right": {
        "translation": [
          0.016401,
          -0.230278,
          0.229688
        ],
        "rotation": [
          [
            0.16311,
            0.986608,
            5.5e-05
          ],
          [
            -0.986608,
            0.16311,
            6e-05
          ],
          [
            5e-05,
            -6.4e-05,
            1.0
          ]
        ],
        "matrix": [
          [
            0.16311,
            0.986608,
            5.5e-05,
            0.016401
          ],
          [
            -0.986608,
            0.16311,
            6e-05,
            -0.230278
          ],
          [
            5e-05,
            -6.4e-05,
            1.0,
            0.229688
          ],
          [
            0.0,
            0.0,
            0.0,
            1.0
          ]
        ]
      }
    },
    {
      "index": 2,
      "left": {
        "translation": [
          0.099551,
          0.136503,
          0.25227
        ],
        "rotation": [
          [
            0.999769,
            0.021511,
            5.5e-05
          ],
          [
            -0.021511,
            0.999769,
            -6e-05
          ],
          [
            -5.6e-05,
            5.9e-05,
            1.0
          ]
        ],
        "matrix": [
          [
            0.999769,
            0.021511,
            5.5e-05,
            0.099551
          ],
          [
            -0.021511,
            0.999769,
            -6e-05,
            0.136503
          ],
          [
            -5.6e-05,
            5.9e-05,
            1.0,
            0.25227
          ],
          [
            0.0,
            0.0,
            0.0,
            1.0
          ]
        ]
      },
      "right": {
        "translation": [
          0.099551,
          -0.136503,
          0.25227
        ],
        "rotation": [
          [
            0.999769,
            -0.021511,
            5.5e-05
          ],
          [
            0.021511,
            0.999769,
            6e-05
          ],
          [
            -5.6e-05,
            -5.9e-05,
            1.0
          ]
        ],
        "matrix": [
          [
            0.999769,
            -0.021511,
            5.5e-05,
            0.099551
          ],
          [
            0.021511,
            0.999769,
            6e-05,
            -0.136503
          ],
          [
            -5.6e-05,
            -5.9e-05,
            1.0,
            0.25227
          ],
          [
            0.0,
            0.0,
            0.0,
            1.0
          ]
        ]
      }
    }
  ]
}
