{
  "driver": "right",
  "waypoints": [
    {
      "index": 0,
      "left": {
        "translation": [
          0.026511,
          0.239862,
          -0.038287
        ],
        "rotation": [
          [
            0.030459,
            -0.999536,
            5.5e-05
          ],
          [
            0.999536,
            0.030459,
            -6e-05
          ],
          [
            5.8e-05,
            5.7e-05,
            1.0
          ]
        ],
        "matrix": [
          [
            0.030459,
            -0.999536,
            5.5e-05,
            0.026511
          ],
          [
            0.999536,
            0.030459,
            -6e-05,
            0.239862
          ],
          [
            5.8e-05,
            5.7e-05,
            1.0,
            -0.038287
          ],
          [
            0.0,
            0.0,
            0.0,
            1.0
          ]
        ]
      },
      "right": {
        "translation": [
          0.026511,
          -0.239862,
          -0.038287
        ],
        "rotation": [
          [
            0.030459,
            0.999536,
            5.5e-05
          ],
          [
            -0.999536,
            0.030459,
            6e-05
          ],
          [
            5.8e-05,
            -5.7e-05,
            1.0
          ]
        ],
        "matrix": [
          [
            0.030459,
            0.999536,
            5.5e-05,
            0.026511
          ],
          [
            -0.999536,
            0.030459,
            6e-05,
            -0.239862
          ],
          [
            5.8e-05,
            -5.7e-05,
            1.0,
            -0.038287
          ],
          [
            0.0,
            0.0,
            0.0,
            1.0
          ]
        ]
      }
    },
    {
      "index": 1,
      "left": {
        "translation": [
          0.026901,
          0.252316,
          0.146581
        ],
        "rotation": [
          [
            -0.075815,
            -0.997122,
            5.5e-05
          ],
          [
            0.997122,
            -0.075815,
            -6e-05
          ],
          [
            6.4e-05,
            5e-05,
            1.0
          ]
        ],
        "matrix": [
          [
            -0.075815,
            -0.997122,
            5.5e-05,
            0.026901
          ],
          [
            0.997122,
            -0.075815,
            -6e-05,
            0.252316
          ],
          [
            6.4e-05,
            5e-05,
            1.0,
            0.146581
          ],
          [
            0.0,
            0.0,
            0.0,
            1.0
          ]
        ]
      },
      "right": {
        "translation": [
          0.026901,
          -0.252316,
          0.146581
        ],
        "rotation": [
          [
            -0.075815,
            0.997122,
            5.5e-05
          ],
          [
            -0.997122,
            -0.075815,
            6e-05
          ],
          [
            6.4e-05,
            -5e-05,
            1.0
          ]
        ],
        "matrix": [
          [
            -0.075815,
            0.997122,
            5.5e-05,
            0.026901
          ],
          [
            -0.997122,
            -0.075815,
            6e-05,
            -0.252316
          ],
          [
            6.4e-05,
            -5e-05,
            1.0,
            0.146581
          ],
          [
            0.0,
            0.0,
            0.0,
            1.0
          ]
        ]
      }
    },
    {
      "index": 2,
      "left": {
        "translation": [
          0.117765,
          0.141187,
          0.16532
        ],
        "rotation": [
          [
            0.999992,
            0.004095,
            5.5e-05
          ],
          [
            -0.004095,
            0.999992,
            -6e-05
          ],
          [
            -5.5e-05,
            6e-05,
            1.0
          ]
        ],
        "matrix": [
          [
            0.999992,
            0.004095,
            5.5e-05,
            0.117765
          ],
          [
            -0.004095,
            0.999992,
            -6e-05,
            0.141187
          ],
          [
            -5.5e-05,
            6e-05,
            1.0,
            0.16532
          ],
          [
            0.0,
            0.0,
            0.0,
            1.0
          ]
        ]
      },
      "right": {
        "translation": [
          0.117765,
          -0.141187,
          0.16532
        ],
        "rotation": [
          [
            0.999992,
            -0.004095,
            5.5e-05
          ],
          [
            0.004095,
            0.999992,
            6e-05
          ],
          [
            -5.5e-05,
            -6e-05,
            1.0
          ]
        ],
        "matrix": [
          [
            0.999992,
            -0.004095,
            5.5e-05,
            0.117765
          ],
          [
            0.004095,
            0.999992,
            6e-05,
            -0.141187
          ],
          [
            -5.5e-05,
            -6e-05,
            1.0,
            0.16532
          ],
          [
            0.0,
            0.0,
            0.0,
            1.0
          ]
        ]
      }
    }
  ]
}
