{
  "driver": "left",
  "waypoints": [
    {
      "index": 0,
      "left": {
        "translation": [
          0.042007,
          0.205877,
          -0.025726
        ],
        "rotation": [
          [
            0.226849,
            -0.97393,
            5.5e-05
          ],
          [
            0.97393,
            0.226849,
            -6e-05
          ],
          [
            4.6e-05,
            6.7e-05,
            1.0
          ]
        ],
        "matrix": [
          [
            0.226849,
            -0.97393,
            5.5e-05,
            0.042007
          ],
          [
            0.97393,
            0.226849,
            -6e-05,
            0.205877
          ],
          [
            4.6e-05,
            6.7e-05,
            1.0,
            -0.025726
          ],
          [
            0.0,
            0.0,
            0.0,
            1.0
          ]
        ]
      },
      "right": {
        "translation": [
          0.042007,
          -0.205877,
          -0.025726
        ],
        "rotation": [
          [
            0.226849,
            0.97393,
            5.5e-05
          ],
          [
            -0.97393,
            0.226849,
            6e-05
          ],
          [
            4.6e-05,
            -6.7e-05,
            1.0
          ]
        ],
        "matrix": [
          [
            0.226849,
            0.97393,
            5.5e-05,
            0.042007
          ],
          [
            -0.97393,
            0.226849,
            6e-05,
            -0.205877
          ],
          [
            4.6e-05,
            -6.7e-05,
            1.0,
            -0.025726
          ],
          [
            0.0,
            0.0,
            0.0,
            1.0
          ]
        ]
      }
    },
    {
      "index": 1,
      "left": {
        "translation": [
          0.042017,
          0.205866,
          0.147693
        ],
        "rotation": [
          [
            0.226849,
            -0.97393,
            5.5e-05
          ],
          [
            0.97393,
            0.226849,
            -6e-05
          ],
          [
            4.6e-05,
            6.7e-05,
            1.0
          ]
        ],
        "matrix": [
          [
            0.226849,
            -0.97393,
            5.5e-05,
            0.042017
          ],
          [
            0.97393,
            0.226849,
            -6e-05,
            0.205866
          ],
          [
            4.6e-05,
            6.7e-05,
            1.0,
            0.147693
          ],
          [
            0.0,
            0.0,
            0.0,
            1.0
          ]
        ]
      },
      "right": {
        "translation": [
          0.042017,
          -0.205866,
          0.147693
        ],
        "rotation": [
          [
            0.226849,
            0.97393,
            5.5e-05
          ],
          [
            -0.97393,
            0.226849,
            6e-05
          ],
          [
            4.6e-05,
            -6.7e-05,
            1.0
          ]
        ],
        "matrix": [
          [
            0.226849,
            0.97393,
            5.5e-05,
            0.042017
          ],
          [
            -0.97393,
            0.226849,
            6e-05,
            -0.205866
          ],
          [
            4.6e-05,
            -6.7e-05,
            1.0,
            0.147693
          ],
          [
            0.0,
            0.0,
            0.0,
            1.0
          ]
        ]
      }
    },
    {
      "index": 2,
      "left": {
        "translation": [
          0.042018,
          0.205864,
          0.176954
        ],
        "rotation": [
          [
            0.997998,
            0.063239,
            5.5e-05
          ],
          [
            -0.063239,
            0.997998,
            -6e-05
          ],
          [
            -5.9e-05,
            5.6e-05,
            1.0
          ]
        ],
        "matrix": [
          [
            0.997998,
            0.063239,
            5.5e-05,
            0.042018
          ],
          [
            -0.063239,
            0.997998,
            -6e-05,
            0.205864
          ],
          [
            -5.9e-05,
            5.6e-05,
            1.0,
            0.176954
          ],
          [
            0.0,
            0.0,
            0.0,
            1.0
          ]
        ]
      },
      "right": {
        "translation": [
          0.042018,
          -0.205864,
          0.176954
        ],
        "rotation": [
          [
            0.997998,
            -0.063239,
            5.5e-05
          ],
          [
            0.063239,
            0.997998,
            6e-05
          ],
          [
            -5.9e-05,
            -5.6e-05,
            1.0
          ]
        ],
        "matrix": [
          [
            0.997998,
            -0.063239,
            5.5e-05,
            0.042018
          ],
          [
            0.063239,
            0.997998,
            6e-05,
            -0.205864
          ],
          [
            -5.9e-05,
            -5.6e-05,
            1.0,
            0.176954
          ],
          [
            0.0,
            0.0,
            0.0,
            1.0
          ]
        ]
      }
    }
  ]
}
